Segundo,Costo_alineamiento,Desviacion_estandar
0,15.052836091,5.062634882
1,15.030356688,5.043157741
2,15.032028035,5.038033335
3,15.019130075,5.058877674
4,15.090124302,5.073305472
