Segundo,Costo_alineamiento,Desviacion_estandar
0,13.28360913,0.626348819
1,13.30356688,1.43157741
2,14.32028035,1.380333349
3,14.19130075,1.588776744
4,12.90124302,0.733054722
